Check ID,Platform,Category,DRIVE Stage,Check,Business-Friendly Description,Severity,Exploitability,Business Impact Level,Check Score Deduction (X),Maturity Ceiling (1–5),NIST SP 800-53 (Rev.5),CIS Controls v8,MITRE ATT&CK,GDPR,GLBA,HIPAA,ISO 27001,NIST 800-171,PCI DSS,SOX,ASD ISM,CJISSP,FISMA NIST,NERC CIP,SWIFT
ES-001-EX,Exchange Online,Access Control,2,External recipient/guest has access to sensitive mailbox items or shared mailboxes.,"Non-employees can read internal email content or attachments. If their account is compromised—or they leave their company—confidential communications and PII can be exfiltrated, enabling phishing, legal exposure, or insider trading concerns.",Medium,Medium,Medium,6,5,"AC-3, AC-6, AC-2, SC-7, AU-2","3, 4, 5, 6, 8","T1530 (Data from Cloud Storage), T1567 (Exfiltration Over Web Services)",Art. 32(1)(b) Security of Processing,16 CFR 314.4 (Safeguards Rule) – Access Controls,"164.308(a)(3), 164.308(a)(4), 164.312(d)","A.9.1, A.9.2, A.9.4, A.13.1","3.1, 3.5, 3.3","7, 8, 10, 12",ITGC: Access to Programs & Data,Access control & authentication hardening,Access Control; Identification & Authentication,Aligned to NIST SP 800-53 above,"CIP-004, CIP-007 R5",CSP: Access Control; Logging & Monitoring
FS-AX-012,File System,Access Control,1,File system broad access to hidden/admin shares,"Administrative shares (e.g., C$, ADMIN$) and hidden shares should be tightly controlled. If exploited, attackers sweep systems, deploy tools, and exfiltrate data over SMB.",Critical,High,High,6,2,"AC-3, AC-6","3, 6",,Art. 32 (security of processing); Art. 25 (privacy by design); Art. 5(1)(f) (integrity/confidentiality),Access controls (16 CFR Part 314),45 CFR 164.312(a)(1) Access control,Annex A: Access control; Annex A: Information classification & handling,AC (Access Control),Req. 7 (restrict access by need-to-know),ITGC: Access to programs and data,Access control,Access control (CJIS Security Policy),"Aligns with NIST SP 800-53: AC-3, AC-6",,
FS-AX-007,File System,Access Control,2,File system broken inheritance with excessive explicit aces,"Too many explicit permissions make ACLs complex and error‑prone. If exploited, attackers find overlooked grants to reach sensitive data unnoticed.",Medium,Medium,Medium,4,2,"AC-3, AC-6","3, 6",,Art. 32 (security of processing); Art. 25 (privacy by design); Art. 5(1)(f) (integrity/confidentiality),Access controls (16 CFR Part 314),45 CFR 164.312(a)(1) Access control,Annex A: Access control; Annex A: Information classification & handling,AC (Access Control),Req. 7 (restrict access by need-to-know),ITGC: Access to programs and data,Access control,Access control (CJIS Security Policy),"Aligns with NIST SP 800-53: AC-3, AC-6",,
FS-AX-005,File System,Access Control,2,File system change permissions/take ownership to non-admins,"Granting change‑permissions/ownership to non‑admins lets users rewrite access controls. If exploited, attackers elevate their own access and lock out legitimate owners.",High,Medium,High,5,2,"AC-3, AC-6","3, 6",,,,,,,,,,,"Aligns with NIST SP 800-53: AC-3, AC-6",,
FS-OH-003,File System,Access Control,2,File system excessive acl entries (acl bloat),"Bloated ACLs are difficult to review and easy to misconfigure. If exploited, attackers find gaps to escalate access or hide persistence via permissions.",Medium,Medium,Medium,17,2,"AC-3, AC-6","3, 6",,,,,,,,,,,"Aligns with NIST SP 800-53: AC-3, AC-6",,
FS-AX-010,File System,Access Control,1,File system local accounts on in acls,"Local machine accounts in ACLs are hard to track across servers. If exploited, attackers compromise one server and gain access to files elsewhere via those local identities.",High,Medium,High,5,2,"AC-3, AC-6","3, 6",,,,,,,,,,,"Aligns with NIST SP 800-53: AC-3, AC-6",,
FS-033,File System,Access Control,1,File System missing full control ACE,"Some folders are missing a Full Control access control entry (ACE) for trusted administrators (e.g., BUILTIN\Administrators or NT AUTHORITY\SYSTEM). Without that safety net, IT may be unable to reliably change permissions, evict bad entries, or recover ownership during incidents, backups, or migrations. If exploited, an attacker who gains write access can lock out admins by adding Deny ACEs, disable inheritance, replace the owner, and hide malicious files—turning routine remediation into an outage that may require offline recovery or restores. The result can be prolonged downtime, data loss, blocked investigations, and higher impact from ransomware or insider abuse.",,,,,,,,,,,,,,,,,,,,
FS-AX-008,File System,Access Control,1,File system orphaned sids in acls,"Orphaned SIDs represent unknown or deleted accounts that still hold rights. If exploited, attackers can recreate those SIDs or confuse reviews to keep illicit access.",Low,Medium,Low,2,4,"AC-3, AC-6","3, 6",,,,,,,,,,,"Aligns with NIST SP 800-53: AC-3, AC-6",,
FS-AX-009,File System,Access Control,1,File system over-nested groups creating implicit access,"Deep group nesting hides who truly has file access. If exploited, attackers gain data access through indirect group paths that audits miss.",Medium,Medium,Medium,4,2,"AC-3, AC-6","3, 6",,,,,,,,,,,"Aligns with NIST SP 800-53: AC-3, AC-6",,
FS-AX-011,File System,Access Control,3,File system stale privileged access,"Old grants linger after roles change, expanding the attack surface. If exploited, attackers use forgotten rights to read or alter sensitive data.",Medium,Medium,High,4,2,"AC-3, AC-6","3, 6",,,,,,,,,,,"Aligns with NIST SP 800-53: AC-3, AC-6",,
FS-AX-006,File System,Access Control,3,File system unintended inheritance to sensitive paths,"Some folders automatically inherit permissions from parent folders, unintentionally granting access to sensitive data. If exploited, an attacker who gains access to a parent location can inherit read/modify rights to confidential files, enabling silent data theft or tampering.",High,Medium,High,3,2,"AC-3, AC-4, AC-6, SC-28","3, 6",T1567,,,,,,,,,,"Aligns with NIST SP 800-53: AC-3, AC-4, AC-6, SC-28",,
DE-002-OD,OneDrive,Access Control,1,Anonymous sharing links are enabled (scope == anonymous).,"Share links don’t require authentication across SharePoint/OneDrive. Anyone who gets the URL (even unintentionally) can access the file. If exposed (e.g., pasted into a ticket or chat), data can spread publicly and evade access logs, creating regulatory and reputational risk.",Medium,Medium,Medium,6,5,"AC-3, AC-6, AC-2, SC-7, AU-2","3, 4, 5, 6, 8","T1530 (Data from Cloud Storage), T1567 (Exfiltration Over Web Services)",Art. 32(1)(b) Security of Processing,16 CFR 314.4 (Safeguards Rule) – Access Controls,"164.308(a)(3), 164.308(a)(4), 164.312(d)","A.9.1, A.9.2, A.9.4, A.13.1","3.1, 3.5, 3.3","7, 8, 10, 12",ITGC: Access to Programs & Data,Access control & authentication hardening,Access Control; Identification & Authentication,Aligned to NIST SP 800-53 above,"CIP-004, CIP-007 R5",CSP: Access Control; Logging & Monitoring
ES-001-OD,OneDrive,Access Control,2,Guest user has access to sensitive content.,"A partner/contractor account can view internal confidential data. If that guest account is hijacked or misused, information can be copied externally, harming competitive position and triggering contractual or regulatory issues.",Medium,Medium,Medium,6,5,"AC-3, AC-6, AC-2, SC-7, AU-2","3, 4, 5, 6, 8","T1530 (Data from Cloud Storage), T1567 (Exfiltration Over Web Services)",Art. 32(1)(b) Security of Processing,16 CFR 314.4 (Safeguards Rule) – Access Controls,"164.308(a)(3), 164.308(a)(4), 164.312(d)","A.9.1, A.9.2, A.9.4, A.13.1","3.1, 3.5, 3.3","7, 8, 10, 12",ITGC: Access to Programs & Data,Access control & authentication hardening,Access Control; Identification & Authentication,Aligned to NIST SP 800-53 above,"CIP-004, CIP-007 R5",CSP: Access Control; Logging & Monitoring
CC-002-OD,OneDrive,Access Control,1,Non-expiring (permanent) links are allowed.,"Share links never expire. Old links continue to work long after the business need ends. If they surface in email threads, tickets, or web caches, outsiders may gain indefinite access to sensitive files.",Medium,Medium,Medium,6,5,"AC-2, AC-3, AC-5, AC-6, IA-2, IA-5, AU-2","3, 4, 5, 6, 8",T1078 (Valid Accounts),Art. 32(1)(b) Security of Processing,16 CFR 314.4 (Safeguards Rule) – Access Controls,"164.308(a)(3), 164.308(a)(4), 164.312(d)","A.9.1, A.9.2, A.9.3, A.9.4","3.1, 3.5, 3.3","7, 8, 10, 12",ITGC: Access to Programs & Data,Access control & authentication hardening,Access Control; Identification & Authentication,Aligned to NIST SP 800-53 above,"CIP-004, CIP-007 R5",CSP: Access Control; Logging & Monitoring
AC-003-OD,OneDrive,Access Control,2,Orphaned users (not resolvable in directory) still appear on ACLs.,"Permissions reference accounts that no longer exist (or can’t be resolved). This breaks accountability and reviews. If an identity is later re-created or mapped, it may inherit unintended access; audits also fail due to unverifiable access lists.",Medium,Medium,Medium,6,5,"AC-2, AC-3, AC-5, AC-6, IA-2, IA-5, AU-2","3, 4, 5, 6, 8",T1078 (Valid Accounts),Art. 32(1)(b) Security of Processing,16 CFR 314.4 (Safeguards Rule) – Access Controls,"164.308(a)(3), 164.308(a)(4), 164.312(d)","A.9.1, A.9.2, A.9.3, A.9.4","3.1, 3.5, 3.3","7, 8, 10, 12",ITGC: Access to Programs & Data,Access control & authentication hardening,Access Control; Identification & Authentication,Aligned to NIST SP 800-53 above,"CIP-004, CIP-007 R5",CSP: Access Control; Logging & Monitoring
SP-ES-010,SharePoint,Access Control,2,Sharepoint 'everyone except external users' on sensitive libraries,"This broad group grants access to nearly all employees. If exploited, sensitive data spreads internally and is easier to exfiltrate by any compromised user.",Medium,High,High,7,2,"AC-14, AC-2, AC-20, AC-3, AC-4, AC-6, SC-28","15, 3, 6",T1567,Art. 32 (security of processing); Art. 25 (privacy by design); Art. 5(1)(f) (integrity/confidentiality),Access controls (16 CFR Part 314),45 CFR 164.312(a)(1) Access control,Annex A: Access control; Annex A: Information classification & handling,AC (Access Control),Req. 7 (restrict access by need-to-know),ITGC: Access to programs and data,Access control,Access control (CJIS Security Policy),"Aligns with NIST SP 800-53: AC-14, AC-2, AC-20, AC-3, AC-4, AC-6, SC-28",,
SP-ES-002,SharePoint,Access Control,2,Sharepoint anyone links with edit,"Anonymous edit links let unauthenticated users change files. If exploited, attackers deface content, insert malware, or corrupt records.",Critical,High,High,10,2,"AC-14, AC-2, AC-20, AC-3, AC-6","15, 3, 6",,Art. 32 (security of processing); Art. 25 (privacy by design); Art. 5(1)(f) (integrity/confidentiality),Access controls (16 CFR Part 314),45 CFR 164.312(a)(1) Access control,Annex A: Access control; Annex A: Information classification & handling,AC (Access Control),Req. 7 (restrict access by need-to-know),ITGC: Access to programs and data,Access control,Access control (CJIS Security Policy),"Aligns with NIST SP 800-53: AC-14, AC-2, AC-20, AC-3, AC-6",,
SP-ES-006,SharePoint,Access Control,2,Sharepoint external sharing to consumer domains,"Sharing to personal email domains weakens identity assurance and revocation. If exploited, attackers forward or retain access beyond business need.",Medium,High,High,7,2,"AC-14, AC-2, AC-20, AC-3, AC-6","15, 3, 6",,,,,,,,,,,"Aligns with NIST SP 800-53: AC-14, AC-2, AC-20, AC-3, AC-6",,
SP-ES-008,SharePoint,Access Control,2,Sharepoint guest accounts as site owners / full control,"Guests with owner/full control bypass internal governance. If exploited, external users change permissions, exfiltrate data, or delete evidence.",High,Medium,High,7,2,"AC-14, AC-2, AC-20, AC-3, AC-6","15, 3, 6",,Art. 32 (security of processing); Art. 25 (privacy by design); Art. 5(1)(f) (integrity/confidentiality),Access controls (16 CFR Part 314),45 CFR 164.312(a)(1) Access control,Annex A: Access control; Annex A: Information classification & handling,AC (Access Control),Req. 7 (restrict access by need-to-know),ITGC: Access to programs and data,Access control,Access control (CJIS Security Policy),"Aligns with NIST SP 800-53: AC-14, AC-2, AC-20, AC-3, AC-6",,
SP-ES-001,SharePoint,Access Control,2,Sharepoint open access (anyone links present),"‘Anyone’ links allow anonymous access from the internet. If exploited, sensitive documents leak publicly and can be indexed by search engines.",Critical,High,High,9,2,"AC-14, AC-2, AC-20, AC-3, AC-6","15, 3, 6",,Art. 32 (security of processing); Art. 25 (privacy by design); Art. 5(1)(f) (integrity/confidentiality),Access controls (16 CFR Part 314),45 CFR 164.312(a)(1) Access control,Annex A: Access control; Annex A: Information classification & handling,AC (Access Control),Req. 7 (restrict access by need-to-know),ITGC: Access to programs and data,Access control,Access control (CJIS Security Policy),"Aligns with NIST SP 800-53: AC-14, AC-2, AC-20, AC-3, AC-6",,
SP-AX-001,SharePoint,Access Control,3,Sharepoint sensitive data with visitors group misconfigured for edit,"Visitors should be read‑only; granting edit to visitors broadens write access. If exploited, attackers alter or plant malicious files and mislead users.",High,Medium,High,5,2,"AC-14, AC-2, AC-20, AC-3, AC-4, AC-6, SC-28","15, 3, 6",T1567,Art. 32 (security of processing); Art. 25 (privacy by design); Art. 5(1)(f) (integrity/confidentiality),Access controls (16 CFR Part 314),45 CFR 164.312(a)(1) Access control,Annex A: Access control; Annex A: Information classification & handling,AC (Access Control),Req. 7 (restrict access by need-to-know),ITGC: Access to programs and data,Access control,Access control (CJIS Security Policy),"Aligns with NIST SP 800-53: AC-14, AC-2, AC-20, AC-3, AC-4, AC-6, SC-28",CIP-011 (Information Protection),
DE-002-SPO,SharePoint,Access Control,3,Anonymous sharing links are enabled (scope == anonymous).,"Share links don’t require authentication across SharePoint/OneDrive. Anyone who gets the URL (even unintentionally) can access the file. If exposed (e.g., pasted into a ticket or chat), data can spread publicly and evade access logs, creating regulatory and reputational risk.",Medium,Medium,Medium,6,5,"AC-3, AC-6, AC-2, SC-7, AU-2","3, 4, 5, 6, 8","T1530 (Data from Cloud Storage), T1567 (Exfiltration Over Web Services)",Art. 32(1)(b) Security of Processing,16 CFR 314.4 (Safeguards Rule) – Access Controls,"164.308(a)(3), 164.308(a)(4), 164.312(d)","A.9.1, A.9.2, A.9.4, A.13.1","3.1, 3.5, 3.3","7, 8, 10, 12",ITGC: Access to Programs & Data,Access control & authentication hardening,Access Control; Identification & Authentication,Aligned to NIST SP 800-53 above,"CIP-004, CIP-007 R5",CSP: Access Control; Logging & Monitoring
AC-006,SharePoint,Access Control,3,Broken permission inheritance,"A site/library/folder stopped inheriting permissions and has custom access that’s hard to see or review. Over time, this drifts into overexposure. If exploited, unauthorized users can read/alter/delete sensitive files, causing outages, data loss, or breaches.",Medium,Medium,Medium,6,5,"AC-2, AC-3, AC-5, AC-6, IA-2, IA-5, AU-2","3, 4, 5, 6, 8",T1078 (Valid Accounts),Art. 32(1)(b) Security of Processing,16 CFR 314.4 (Safeguards Rule) – Access Controls,"164.308(a)(3), 164.308(a)(4), 164.312(d)","A.9.1, A.9.2, A.9.3, A.9.4","3.1, 3.5, 3.3","7, 8, 10, 12",ITGC: Access to Programs & Data,Access control & authentication hardening,Access Control; Identification & Authentication,Aligned to NIST SP 800-53 above,"CIP-004, CIP-007 R5",CSP: Access Control; Logging & Monitoring
ES-001-SPO,SharePoint,Access Control,3,Guest user has access to sensitive content.,"A partner/contractor account can view internal confidential data. If that guest account is hijacked or misused, information can be copied externally, harming competitive position and triggering contractual or regulatory issues.",Medium,Medium,Medium,6,5,"AC-3, AC-6, AC-2, SC-7, AU-2","3, 4, 5, 6, 8","T1530 (Data from Cloud Storage), T1567 (Exfiltration Over Web Services)",Art. 32(1)(b) Security of Processing,16 CFR 314.4 (Safeguards Rule) – Access Controls,"164.308(a)(3), 164.308(a)(4), 164.312(d)","A.9.1, A.9.2, A.9.4, A.13.1","3.1, 3.5, 3.3","7, 8, 10, 12",ITGC: Access to Programs & Data,Access control & authentication hardening,Access Control; Identification & Authentication,Aligned to NIST SP 800-53 above,"CIP-004, CIP-007 R5",CSP: Access Control; Logging & Monitoring
CC-002-SPO,SharePoint,Access Control,2,Non-expiring (permanent) links are allowed.,"Share links never expire. Old links continue to work long after the business need ends. If they surface in email threads, tickets, or web caches, outsiders may gain indefinite access to sensitive files.",Medium,Medium,Medium,6,5,"AC-2, AC-3, AC-5, AC-6, IA-2, IA-5, AU-2","3, 4, 5, 6, 8",T1078 (Valid Accounts),Art. 32(1)(b) Security of Processing,16 CFR 314.4 (Safeguards Rule) – Access Controls,"164.308(a)(3), 164.308(a)(4), 164.312(d)","A.9.1, A.9.2, A.9.3, A.9.4","3.1, 3.5, 3.3","7, 8, 10, 12",ITGC: Access to Programs & Data,Access control & authentication hardening,Access Control; Identification & Authentication,Aligned to NIST SP 800-53 above,"CIP-004, CIP-007 R5",CSP: Access Control; Logging & Monitoring
AC-003-SPO,SharePoint,Access Control,2,Orphaned users (not resolvable in directory) still appear on ACLs.,"Permissions reference accounts that no longer exist (or can’t be resolved). This breaks accountability and reviews. If an identity is later re-created or mapped, it may inherit unintended access; audits also fail due to unverifiable access lists.",Medium,Medium,Medium,6,5,"AC-2, AC-3, AC-5, AC-6, IA-2, IA-5, AU-2","3, 4, 5, 6, 8",T1078 (Valid Accounts),Art. 32(1)(b) Security of Processing,16 CFR 314.4 (Safeguards Rule) – Access Controls,"164.308(a)(3), 164.308(a)(4), 164.312(d)","A.9.1, A.9.2, A.9.3, A.9.4","3.1, 3.5, 3.3","7, 8, 10, 12",ITGC: Access to Programs & Data,Access control & authentication hardening,Access Control; Identification & Authentication,Aligned to NIST SP 800-53 above,"CIP-004, CIP-007 R5",CSP: Access Control; Logging & Monitoring
DE-003,SharePoint,Access Control,2,File Shared with Everyone,"A file or folder is open to all employees by default (“Everyone”/“Everyone except external users”). This breaks least-privilege. If abused, sensitive data can be harvested at scale by any compromised internal account.",Medium,Medium,Medium,6,5,"AC-3, AC-6, AC-2, SC-7, AU-2","3, 4, 5, 6, 8","T1530 (Data from Cloud Storage), T1567 (Exfiltration Over Web Services)",Art. 32(1)(b) Security of Processing,16 CFR 314.4 (Safeguards Rule) – Access Controls,"164.308(a)(3), 164.308(a)(4), 164.312(d)","A.9.1, A.9.2, A.9.4, A.13.1","3.1, 3.5, 3.3","7, 8, 10, 12",ITGC: Access to Programs & Data,Access control & authentication hardening,Access Control; Identification & Authentication,Aligned to NIST SP 800-53 above,"CIP-004, CIP-007 R5",CSP: Access Control; Logging & Monitoring
AC-001-SPO,SharePoint,Access Control,3,Inactive user (>90 days) still retains permissions to SharePoint Online resources.,"A dormant account still has SharePoint access. If abused, broad site content can be copied or tampered with, complicating forensics and recovery.",Medium,Medium,Medium,6,5,"AC-2, AC-3, AC-5, AC-6, IA-2, IA-5, AU-2","3, 4, 5, 6, 8",T1078 (Valid Accounts),Art. 32(1)(b) Security of Processing,16 CFR 314.4 (Safeguards Rule) – Access Controls,"164.308(a)(3), 164.308(a)(4), 164.312(d)","A.9.1, A.9.2, A.9.3, A.9.4","3.1, 3.5, 3.3","7, 8, 10, 12",ITGC: Access to Programs & Data,Access control & authentication hardening,Access Control; Identification & Authentication,Aligned to NIST SP 800-53 above,"CIP-004, CIP-007 R5",CSP: Access Control; Logging & Monitoring
DE-002-Teams,Teams,Access Control,2,Anonymous links to files shared via Teams (backed by SharePoint/OneDrive) are enabled (scope == anonymous).,"Files shared in Teams can be opened by anyone with the link—no sign-in required. If that link is forwarded or leaked, outsiders can read or download sensitive content without leaving a trace, leading to data leaks, loss of IP, and potential compliance fines.",Medium,Medium,Medium,6,5,"AC-3, AC-6, AC-2, SC-7, AU-2","3, 4, 5, 6, 8","T1530 (Data from Cloud Storage), T1567 (Exfiltration Over Web Services)",Art. 32(1)(b) Security of Processing,16 CFR 314.4 (Safeguards Rule) – Access Controls,"164.308(a)(3), 164.308(a)(4), 164.312(d)","A.9.1, A.9.2, A.9.4, A.13.1","3.1, 3.5, 3.3","7, 8, 10, 12",ITGC: Access to Programs & Data,Access control & authentication hardening,Access Control; Identification & Authentication,Aligned to NIST SP 800-53 above,"CIP-004, CIP-007 R5",CSP: Access Control; Logging & Monitoring
ES-001-Teams,Teams,Access Control,2,Guest user has access to sensitive content.,"A partner/contractor account can view internal confidential data. If that guest account is hijacked or misused, information can be copied externally, harming competitive position and triggering contractual or regulatory issues.",Medium,Medium,Medium,6,5,"AC-3, AC-6, AC-2, SC-7, AU-2","3, 4, 5, 6, 8","T1530 (Data from Cloud Storage), T1567 (Exfiltration Over Web Services)",Art. 32(1)(b) Security of Processing,16 CFR 314.4 (Safeguards Rule) – Access Controls,"164.308(a)(3), 164.308(a)(4), 164.312(d)","A.9.1, A.9.2, A.9.4, A.13.1","3.1, 3.5, 3.3","7, 8, 10, 12",ITGC: Access to Programs & Data,Access control & authentication hardening,Access Control; Identification & Authentication,Aligned to NIST SP 800-53 above,"CIP-004, CIP-007 R5",CSP: Access Control; Logging & Monitoring
DE-001,Teams,Access Control,2,Org-wide Teams sharing  (scope == organization),"Teams channels or files are visible to everyone in the company by default. This increases insider risk and accidental exposure of HR, finance, or legal content, and makes it easier for attackers with any compromised account to find crown-jewel data.",Medium,Medium,Medium,6,5,"AC-3, AC-6, AC-2, SC-7, AU-2","3, 4, 5, 6, 8","T1530 (Data from Cloud Storage), T1567 (Exfiltration Over Web Services)",Art. 32(1)(b) Security of Processing,16 CFR 314.4 (Safeguards Rule) – Access Controls,"164.308(a)(3), 164.308(a)(4), 164.312(d)","A.9.1, A.9.2, A.9.4, A.13.1","3.1, 3.5, 3.3","7, 8, 10, 12",ITGC: Access to Programs & Data,Access control & authentication hardening,Access Control; Identification & Authentication,Aligned to NIST SP 800-53 above,"CIP-004, CIP-007 R5",CSP: Access Control; Logging & Monitoring
AC-001-Teams,Teams,Access Control,3,Inactive user (>90 days) still retains permissions to Microsoft Teams resources.,"A stale account still sees Teams chats/files. Compromise exposes conversations, shared docs, and links, enabling lateral movement and reputational harm if sensitive discussions leak.",Medium,Medium,Medium,6,5,"AC-2, AC-3, AC-5, AC-6, IA-2, IA-5, AU-2","3, 4, 5, 6, 8",T1078 (Valid Accounts),Art. 32(1)(b) Security of Processing,16 CFR 314.4 (Safeguards Rule) – Access Controls,"164.308(a)(3), 164.308(a)(4), 164.312(d)","A.9.1, A.9.2, A.9.3, A.9.4","3.1, 3.5, 3.3","7, 8, 10, 12",ITGC: Access to Programs & Data,Access control & authentication hardening,Access Control; Identification & Authentication,Aligned to NIST SP 800-53 above,"CIP-004, CIP-007 R5",CSP: Access Control; Logging & Monitoring
FS-032,File System,Compliance & Governance,3,File System Empty Shares,"Unused shares increase attack surface and confusion. If exploited, attackers stage tools or data exfiltration paths that go unnoticed.",Low,Low,Low,20,5,"AC-3, AC-6, SC-7, AU-2","4, 6, 8",—,Art. 32(1)(b) Security of Processing,16 CFR 314.4 (Safeguards Rule) – Access Controls,"164.308(a)(3), 164.308(a)(4), 164.312(d)","A.9.1, A.9.2, A.9.4, A.13.1","3.1, 3.8, 3.3","7, 8, 10",ITGC: Access to Programs & Data,Access control & authentication hardening,Access Control; Identification & Authentication,Aligned to NIST SP 800-53 above,"CIP-004, CIP-007 R5",CSP: Access Control; Logging & Monitoring
AC-007-OD,OneDrive,Compliance & Governance,3,Site/workload is stale (no activity >180 days).,"Old sites/teams linger without owners or reviews. They quietly accumulate risky links and guests. If exploited, they become easy backdoors for data theft and malware staging, and they complicate compliance and cleanup.",Medium,Medium,Medium,6,5,"AC-2, AC-3, AC-5, AC-6, IA-2, IA-5, AU-2","3, 4, 5, 6, 8",T1078 (Valid Accounts),Art. 32(1)(b) Security of Processing,16 CFR 314.4 (Safeguards Rule) – Access Controls,"164.308(a)(3), 164.308(a)(4), 164.312(d)","A.9.1, A.9.2, A.9.3, A.9.4","3.1, 3.5, 3.3","7, 8, 10, 12",ITGC: Access to Programs & Data,Access control & authentication hardening,Access Control; Identification & Authentication,Aligned to NIST SP 800-53 above,"CIP-004, CIP-007 R5",CSP: Access Control; Logging & Monitoring
SP-ES-003,SharePoint,Compliance & Governance,3,Sharepoint anyone links without expiration,"Non‑expiring public links remain open indefinitely. If exploited, long‑forgotten links enable ongoing data leakage.",Medium,High,High,20,2,"AC-14, AC-2, AC-20, AC-3, AC-6","15, 3, 6",,Art. 32 (security of processing); Art. 25 (privacy by design); Art. 5(1)(f) (integrity/confidentiality),Access controls (16 CFR Part 314),45 CFR 164.312(a)(1) Access control,Annex A: Access control; Annex A: Information classification & handling,AC (Access Control),Req. 7 (restrict access by need-to-know),ITGC: Access to programs and data,Access control,Access control (CJIS Security Policy),"Aligns with NIST SP 800-53: AC-14, AC-2, AC-20, AC-3, AC-6",,
SP-ES-009,SharePoint,Compliance & Governance,3,Sharepoint excessive unique permissions (broken inheritance sprawl),"Too many unique permissions create chaos and blind spots. If exploited, attackers hide access in one-off ACLs that reviews miss.",Low,Medium,Medium,20,2,"AC-3, AC-6","3, 6",,Art. 32 (security of processing); Art. 25 (privacy by design); Art. 5(1)(f) (integrity/confidentiality),Access controls (16 CFR Part 314),45 CFR 164.312(a)(1) Access control,Annex A: Access control; Annex A: Information classification & handling,AC (Access Control),Req. 7 (restrict access by need-to-know),ITGC: Access to programs and data,Access control,Access control (CJIS Security Policy),"Aligns with NIST SP 800-53: AC-3, AC-6",,
SP-MB-005,SharePoint,Compliance & Governance,3,Sharepoint files unresolved owner,"Orphaned files lack stewardship and review. If exploited, attackers alter or exfiltrate data while oversight is missing.",Medium,Medium,Medium,20,2,"AC-3, AC-6","3, 6",,,,,,,,,,,"Aligns with NIST SP 800-53: AC-3, AC-6",,
SP-CH-001,SharePoint,Compliance & Governance,3,Sharepoint missing site owners (orphaned site),"Sites without owners lack stewardship and review. If exploited, attackers quietly accumulate access and manipulate content without accountability.",Medium,Medium,Medium,20,2,"AC-3, AC-6","3, 6",,,,,,,,,,,"Aligns with NIST SP 800-53: AC-3, AC-6",,
AC-007-SPO,SharePoint,Compliance & Governance,3,Site/workload is stale (no activity >180 days).,"Old sites/teams linger without owners or reviews. They quietly accumulate risky links and guests. If exploited, they become easy backdoors for data theft and malware staging, and they complicate compliance and cleanup.",Medium,Medium,Medium,6,5,"AC-2, AC-3, AC-5, AC-6, IA-2, IA-5, AU-2","3, 4, 5, 6, 8",T1078 (Valid Accounts),Art. 32(1)(b) Security of Processing,16 CFR 314.4 (Safeguards Rule) – Access Controls,"164.308(a)(3), 164.308(a)(4), 164.312(d)","A.9.1, A.9.2, A.9.3, A.9.4","3.1, 3.5, 3.3","7, 8, 10, 12",ITGC: Access to Programs & Data,Access control & authentication hardening,Access Control; Identification & Authentication,Aligned to NIST SP 800-53 above,"CIP-004, CIP-007 R5",CSP: Access Control; Logging & Monitoring
ES-002-EX,Exchange Online,Data Discovery & Classification,2,Sensitive data (emails/attachments) shared externally across multiple domains.,"Regulated or confidential email content is spread to many third-party domains. The wider the spread, the harder revocation and tracking become—raising breach impact, notification obligations, and legal exposure.",Medium,Medium,Medium,6,5,"AC-3, AC-6, AC-2, SC-7, AU-2","3, 4, 5, 6, 8","T1530 (Data from Cloud Storage), T1567 (Exfiltration Over Web Services)",Art. 32(1)(b) Security of Processing,16 CFR 314.4 (Safeguards Rule) – Access Controls,"164.308(a)(3), 164.308(a)(4), 164.312(d)","A.9.1, A.9.2, A.9.4, A.13.1","3.1, 3.5, 3.3","7, 8, 10, 12",ITGC: Access to Programs & Data,Access control & authentication hardening,Access Control; Identification & Authentication,Aligned to NIST SP 800-53 above,"CIP-004, CIP-007 R5",CSP: Access Control; Logging & Monitoring
FS-AX-017,File System,Data Discovery & Classification,2,File system sensitive data at share root with modify rights,"Placing sensitive data at share roots with modify permissions increases accidental and malicious changes. If exploited, attackers overwrite or encrypt data at scale (ransomware).",Critical,High,High,7,2,"AC-3, AC-4, AC-6, SC-28","3, 6",T1567,Art. 32 (security of processing); Art. 25 (privacy by design); Art. 5(1)(f) (integrity/confidentiality),Access controls (16 CFR Part 314),45 CFR 164.312(a)(1) Access control,Annex A: Access control; Annex A: Information classification & handling,AC (Access Control),Req. 7 (restrict access by need-to-know),ITGC: Access to programs and data,Access control,Access control (CJIS Security Policy),"Aligns with NIST SP 800-53: AC-3, AC-4, AC-6, SC-28",CIP-011 (Information Protection),
AC-008-OD,OneDrive,Data Discovery & Classification,3,Files are stale (no access >365 days).,"Old files linger but still carry sensitive data. They’re rarely reviewed, yet remain accessible. If compromised, attackers can mine years of unneeded data, increasing breach scope, incident costs, and discovery/sanctions risk.",Medium,Medium,Medium,6,5,"AC-2, AC-3, AC-5, AC-6, IA-2, IA-5, AU-2","3, 4, 5, 6, 8",T1078 (Valid Accounts),Art. 32(1)(b) Security of Processing,16 CFR 314.4 (Safeguards Rule) – Access Controls,"164.308(a)(3), 164.308(a)(4), 164.312(d)","A.9.1, A.9.2, A.9.3, A.9.4","3.1, 3.5, 3.3","7, 8, 10, 12",ITGC: Access to Programs & Data,Access control & authentication hardening,Access Control; Identification & Authentication,Aligned to NIST SP 800-53 above,"CIP-004, CIP-007 R5",CSP: Access Control; Logging & Monitoring
ES-002-OD,OneDrive,Data Discovery & Classification,4,Sensitive files shared to multiple external domains.,"Files are shared with many outside organizations. Each domain adds risk—harder to control copies, increased chance of leaks, and complex incident response if data turns up elsewhere.",Medium,Medium,Medium,6,5,"AC-3, AC-6, AC-2, SC-7, AU-2","3, 4, 5, 6, 8","T1530 (Data from Cloud Storage), T1567 (Exfiltration Over Web Services)",Art. 32(1)(b) Security of Processing,16 CFR 314.4 (Safeguards Rule) – Access Controls,"164.308(a)(3), 164.308(a)(4), 164.312(d)","A.9.1, A.9.2, A.9.4, A.13.1","3.1, 3.5, 3.3","7, 8, 10, 12",ITGC: Access to Programs & Data,Access control & authentication hardening,Access Control; Identification & Authentication,Aligned to NIST SP 800-53 above,"CIP-004, CIP-007 R5",CSP: Access Control; Logging & Monitoring
SP-SR-008,SharePoint,Data Discovery & Classification,4,Onedrive sensitive data in personal employee drives,"Personal OneDrives often bypass team controls. If exploited, attackers in a user account can access and share sensitive data outside approved channels.",Medium,Medium,High,7,2,"AC-20, AC-3, AC-4, AC-6, SC-28","3, 6",T1567,Art. 32 (security of processing); Art. 25 (privacy by design); Art. 5(1)(f) (integrity/confidentiality),Access controls (16 CFR Part 314),45 CFR 164.312(a)(1) Access control,Annex A: Access control; Annex A: Information classification & handling,AC (Access Control),Req. 7 (restrict access by need-to-know),ITGC: Access to programs and data,Access control,Access control (CJIS Security Policy),"Aligns with NIST SP 800-53: AC-20, AC-3, AC-4, AC-6, SC-28",CIP-011 (Information Protection),
SP-MB-003,SharePoint,Data Discovery & Classification,4,Sharepoint sensitive data + anyone link,"Combining sensitive content with public links multiplies exposure. If exploited, widespread, hard‑to‑trace data leaks occur rapidly.",Critical,High,High,26,2,"AC-14, AC-2, AC-20, AC-3, AC-4, AC-6, SC-28","15, 3, 6",T1567,Art. 32 (security of processing); Art. 25 (privacy by design); Art. 5(1)(f) (integrity/confidentiality),Access controls (16 CFR Part 314),45 CFR 164.312(a)(1) Access control,Annex A: Access control; Annex A: Information classification & handling,AC (Access Control),Req. 7 (restrict access by need-to-know),ITGC: Access to programs and data,Access control,Access control (CJIS Security Policy),"Aligns with NIST SP 800-53: AC-14, AC-2, AC-20, AC-3, AC-4, AC-6, SC-28",CIP-011 (Information Protection),
SP-ES-011,SharePoint,Data Discovery & Classification,5,Sharepoint sensitive data accessible to 'everyone except external users',"Sensitive documents should never be broadly exposed. If exploited, any phished or malicious insider can mass-download data.",Medium,High,High,7,2,"AC-14, AC-2, AC-20, AC-3, AC-4, AC-6, SC-28","15, 3, 6",T1567,Art. 32 (security of processing); Art. 25 (privacy by design); Art. 5(1)(f) (integrity/confidentiality),Access controls (16 CFR Part 314),45 CFR 164.312(a)(1) Access control,Annex A: Access control; Annex A: Information classification & handling,AC (Access Control),Req. 7 (restrict access by need-to-know),ITGC: Access to programs and data,Access control,Access control (CJIS Security Policy),"Aligns with NIST SP 800-53: AC-14, AC-2, AC-20, AC-3, AC-4, AC-6, SC-28",CIP-011 (Information Protection),
SP-ES-013,SharePoint,Data Discovery & Classification,5,Sharepoint sensitive data in communication sites with anonymous links,"Communication sites are often internet-facing; anonymous links add risk. If exploited, external actors retrieve confidential files without authentication.",Critical,High,High,10,2,"AC-3, AC-4, AC-6, SC-28","3, 6",T1567,Art. 32 (security of processing); Art. 25 (privacy by design); Art. 5(1)(f) (integrity/confidentiality),Access controls (16 CFR Part 314),45 CFR 164.312(a)(1) Access control,Annex A: Access control; Annex A: Information classification & handling,AC (Access Control),Req. 7 (restrict access by need-to-know),ITGC: Access to programs and data,Access control,Access control (CJIS Security Policy),"Aligns with NIST SP 800-53: AC-3, AC-4, AC-6, SC-28",CIP-011 (Information Protection),
AC-008-SPO,SharePoint,Data Discovery & Classification,5,Files are stale (no access >365 days).,"Old files linger but still carry sensitive data. They’re rarely reviewed, yet remain accessible. If compromised, attackers can mine years of unneeded data, increasing breach scope, incident costs, and discovery/sanctions risk.",Medium,Medium,Medium,6,5,"AC-2, AC-3, AC-5, AC-6, IA-2, IA-5, AU-2","3, 4, 5, 6, 8",T1078 (Valid Accounts),Art. 32(1)(b) Security of Processing,16 CFR 314.4 (Safeguards Rule) – Access Controls,"164.308(a)(3), 164.308(a)(4), 164.312(d)","A.9.1, A.9.2, A.9.3, A.9.4","3.1, 3.5, 3.3","7, 8, 10, 12",ITGC: Access to Programs & Data,Access control & authentication hardening,Access Control; Identification & Authentication,Aligned to NIST SP 800-53 above,"CIP-004, CIP-007 R5",CSP: Access Control; Logging & Monitoring
ES-002-SPO,SharePoint,Data Discovery & Classification,4,Sensitive files shared to multiple external domains.,"Files are shared with many outside organizations. Each domain adds risk—harder to control copies, increased chance of leaks, and complex incident response if data turns up elsewhere.",Medium,Medium,Medium,6,5,"AC-3, AC-6, AC-2, SC-7, AU-2","3, 4, 5, 6, 8","T1530 (Data from Cloud Storage), T1567 (Exfiltration Over Web Services)",Art. 32(1)(b) Security of Processing,16 CFR 314.4 (Safeguards Rule) – Access Controls,"164.308(a)(3), 164.308(a)(4), 164.312(d)","A.9.1, A.9.2, A.9.4, A.13.1","3.1, 3.5, 3.3","7, 8, 10, 12",ITGC: Access to Programs & Data,Access control & authentication hardening,Access Control; Identification & Authentication,Aligned to NIST SP 800-53 above,"CIP-004, CIP-007 R5",CSP: Access Control; Logging & Monitoring
ES-002-Teams,Teams,Data Discovery & Classification,4,Sensitive files shared to multiple external domains.,"Files are shared with many outside organizations. Each domain adds risk—harder to control copies, increased chance of leaks, and complex incident response if data turns up elsewhere.",Medium,Medium,Medium,6,5,"AC-3, AC-6, AC-2, SC-7, AU-2","3, 4, 5, 6, 8","T1530 (Data from Cloud Storage), T1567 (Exfiltration Over Web Services)",Art. 32(1)(b) Security of Processing,16 CFR 314.4 (Safeguards Rule) – Access Controls,"164.308(a)(3), 164.308(a)(4), 164.312(d)","A.9.1, A.9.2, A.9.4, A.13.1","3.1, 3.5, 3.3","7, 8, 10, 12",ITGC: Access to Programs & Data,Access control & authentication hardening,Access Control; Identification & Authentication,Aligned to NIST SP 800-53 above,"CIP-004, CIP-007 R5",CSP: Access Control; Logging & Monitoring
ES-003,Teams,Data Discovery & Classification,5,Shared Channels with sensitive content,"Teams Shared Channels can include external organizations. A misstep in membership or classification exposes high-value content across tenants; if exploited, competitors or threat actors gain ongoing access to conversations and files.",Medium,Medium,Medium,6,5,"AC-3, AC-6, AC-2, SC-7, AU-2","3, 4, 5, 6, 8","T1530 (Data from Cloud Storage), T1567 (Exfiltration Over Web Services)",Art. 32(1)(b) Security of Processing,16 CFR 314.4 (Safeguards Rule) – Access Controls,"164.308(a)(3), 164.308(a)(4), 164.312(d)","A.9.1, A.9.2, A.9.4, A.13.1","3.1, 3.5, 3.3","7, 8, 10, 12",ITGC: Access to Programs & Data,Access control & authentication hardening,Access Control; Identification & Authentication,Aligned to NIST SP 800-53 above,"CIP-004, CIP-007 R5",CSP: Access Control; Logging & Monitoring
FS-OH-005,File System,Data Protection,3,File system sensitive data unencrypted at rest,"Critical files stored without encryption are readable if storage is compromised. If exploited, attackers exfiltrate high‑value data with minimal effort and little trace.",High,Medium,High,23,2,"AC-3, AC-4, AC-6, SC-28","3, 6",T1567,Art. 32 (security of processing); Art. 25 (privacy by design); Art. 5(1)(f) (integrity/confidentiality),Access controls (16 CFR Part 314); Encryption of customer information (Safeguards Rule),45 CFR 164.312(a)(1) Access control; 45 CFR 164.312(a)(2)(iv) Encryption (addressable),Annex A: Access control; Annex A: Information classification & handling; Annex A: Cryptography / protection of information at rest,AC (Access Control); SC (System & Communications Protection),Req. 7 (restrict access by need-to-know); Req. 3 (protect stored account data),ITGC: Access to programs and data,Access control; Cryptographic protections (data at rest),Access control (CJIS Security Policy); Encryption of CJI at rest,"Aligns with NIST SP 800-53: AC-3, AC-4, AC-6, SC-28",CIP-011 (Information Protection),
AD-018,Active Directory,Identity,2,Accounts with adminCount=1 but not currently in privileged groups,"AdminSDHolder ‘lingering’ flags mean an account retains protected ACLs even after leaving admin groups. If exploited, attackers leverage these protections to resist remediation or keep hidden backdoors.",High,Medium,High,3,2,"AC-2, AC-6","5, 6",T1098,,,,,,,,,,,,
AD-032,Active Directory,Identity,1,Admin accounts not in Protected Users group,"Protected Users enhances safeguards (no NTLM, no cached creds, limited delegation). If exploited, absence of these controls makes admin credentials easier to steal and reuse.",High,High,High,3,5,"AC-2, AC-3, AC-5, AC-6, IA-2, IA-5, AU-2","4, 5, 6, 8",T1078 (Valid Accounts),Art. 32(1)(b) Security of Processing,16 CFR 314.4 (Safeguards Rule) – Access Controls,"164.308(a)(3), 164.308(a)(4), 164.312(d)","A.9.1, A.9.2, A.9.3, A.9.4","3.1, 3.5, 3.3","7, 8, 10, 12",ITGC: Access to Programs & Data,Access control & authentication hardening,Access Control; Identification & Authentication,Aligned to NIST SP 800-53 above,"CIP-004, CIP-007 R5",CSP: Access Control; Logging & Monitoring
AD-033,Active Directory,Identity,1,Admin accounts with SPN configured,"Admin SPNs expose high‑value tickets to Kerberoasting. If exploited, cracked hashes yield administrator passwords and immediate escalation.",High,High,High,3,5,"AC-3, AC-6, AC-2, IA-2","4, 5, 6, 8",T1558.003 (Kerberoasting),Art. 32(1)(b) Security of Processing,16 CFR 314.4 (Safeguards Rule) – Access Controls,"164.308(a)(3), 164.308(a)(4), 164.312(d)","A.9.1, A.9.2, A.9.3, A.9.4","3.1, 3.5, 3.3","7, 8, 10, 12",ITGC: Access to Programs & Data,Access control & authentication hardening,Access Control; Identification & Authentication,Aligned to NIST SP 800-53 above,"CIP-004, CIP-007 R5",CSP: Access Control; Logging & Monitoring
AD-034,Active Directory,Identity,2,Admin accounts with unprivileged owners,"If non‑admins own admin accounts/objects, they can silently change permissions. If exploited, attackers maintain hidden control and undo security fixes.",High,Medium,High,3,5,"AC-2, AC-3, AC-5, AC-6, IA-2, IA-5, AU-2","4, 5, 6, 8",T1078 (Valid Accounts),Art. 32(1)(b) Security of Processing,16 CFR 314.4 (Safeguards Rule) – Access Controls,"164.308(a)(3), 164.308(a)(4), 164.312(d)","A.9.1, A.9.2, A.9.3, A.9.4","3.1, 3.5, 3.3","7, 8, 10, 12",ITGC: Access to Programs & Data,Access control & authentication hardening,Access Control; Identification & Authentication,Aligned to NIST SP 800-53 above,"CIP-004, CIP-007 R5",CSP: Access Control; Logging & Monitoring
AD-035,Active Directory,Identity,2,Admin accounts without adminCount=1,"Privileged accounts should inherit AdminSDHolder protections. If exploited, missing protections allow permission drift or malicious ACL changes on admin principals.",Medium,Medium,Medium,1,5,"AC-2, AC-3, AC-5, AC-6, IA-2, IA-5, AU-2","4, 5, 6, 8",T1078 (Valid Accounts),Art. 32(1)(b) Security of Processing,16 CFR 314.4 (Safeguards Rule) – Access Controls,"164.308(a)(3), 164.308(a)(4), 164.312(d)","A.9.1, A.9.2, A.9.3, A.9.4","3.1, 3.5, 3.3","7, 8, 10, 12",ITGC: Access to Programs & Data,Access control & authentication hardening,Access Control; Identification & Authentication,Aligned to NIST SP 800-53 above,"CIP-004, CIP-007 R5",CSP: Access Control; Logging & Monitoring
AD-036,Active Directory,Identity,2,Clear Text Password,"Passwords stored or transmitted in clear text are immediately readable. If exploited, attackers log in directly, impersonate users, and exfiltrate data without cracking.",High,High,High,3,5,"IA-5, SC-12, SC-13, AC-2","4, 5, 6",T1003 (OS Credential Dumping),Art. 32(1)(b) Security of Processing,16 CFR 314.4 (Safeguards Rule) – Access Controls,"164.308(a)(3), 164.308(a)(4), 164.312(d)","A.10.1, A.9.2, A.9.4","3.5, 3.13","3, 7, 8, 10",ITGC: Access to Programs & Data,Access control & authentication hardening,Access Control; Identification & Authentication,Aligned to NIST SP 800-53 above,"CIP-004, CIP-007 R5",CSP: Access Control; Logging & Monitoring
AD-012,Active Directory,Identity,1,Constrained delegation with protocol transition (TRUSTED_TO_AUTH_FOR_DELEGATION),"Protocol transition allows a service to obtain Kerberos tickets without the user’s original TGT. If exploited, attackers misuse the service to impersonate users to back-end systems, including admins.",High,High,High,3,2,"AC-6, IA-2",6,T1550,,,,,,,,,,,,
AD-003,Active Directory,Identity,1,Contractor accounts (employeeType=Contractor) without 'accountExpires',"Contractor accounts without an expiry date can outlive their business need. If exploited, former contractors (or attackers using their credentials) can continue logging in and accessing internal systems indefinitely.",High,Medium,High,1,2,AC-2,5,T1078,,,,,,,,,,,,
AD-037,Active Directory,Identity,1,DES Encryption Only,"DES is obsolete and weak for Kerberos encryption. If exploited, attackers forge or crack tickets far faster, enabling impersonation and domain traversal.",High,High,High,3,5,"IA-5, SC-12, SC-13, AC-2","4, 5, 6",T1550.003 (Pass-the-Ticket),Art. 32(1)(b) Security of Processing,16 CFR 314.4 (Safeguards Rule) – Access Controls,"164.308(a)(3), 164.308(a)(4), 164.312(d)","A.10.1, A.9.2, A.9.4","3.5, 3.13","3, 7, 8, 10",ITGC: Access to Programs & Data,Access control & authentication hardening,Access Control; Identification & Authentication,Aligned to NIST SP 800-53 above,"CIP-004, CIP-007 R5",CSP: Access Control; Logging & Monitoring
AD-002,Active Directory,Identity,1,Disabled accounts still members of groups,"Disabled users that remain in groups keep latent privileges that can reappear if the account is re-enabled or duplicated. If exploited, reactivation or cloning restores powerful access immediately, enabling privilege escalation without going through approvals.",Medium,Medium,Medium,1,3,AC-2,"5, 6",T1078,,,,,,,,,,,,
AD-038,Active Directory,Identity,3,Disabled admin accounts present,"Disabled admin accounts clutter directories and may be re‑enabled by mistake. If exploited, reactivation restores powerful access without scrutiny.",Low,Low,Low,1,5,"AC-2, IA-5, AU-2","4, 5, 6, 8",T1078 (Valid Accounts),Art. 32(1)(b) Security of Processing,16 CFR 314.4 (Safeguards Rule) – Access Controls,"164.308(a)(3), 164.308(a)(4), 164.312(d)","A.9.1, A.9.2, A.9.3, A.9.4","3.1, 3.5, 3.3","7, 8, 10, 12",ITGC: Access to Programs & Data,Access control & authentication hardening,Access Control; Identification & Authentication,Aligned to NIST SP 800-53 above,"CIP-004, CIP-007 R5",CSP: Access Control; Logging & Monitoring
AD-039,Active Directory,Identity,3,Disabled members in sensitive groups,"Disabled users left in admin groups retain latent privilege links. If exploited, re‑enablement or SID reuse instantly grants elevated access.",Medium,Low,Medium,1,5,"AC-2, AC-3, AC-5, AC-6","4, 5, 6, 8",T1078 (Valid Accounts),Art. 32(1)(b) Security of Processing,16 CFR 314.4 (Safeguards Rule) – Access Controls,"164.308(a)(3), 164.308(a)(4), 164.312(d)","A.9.1, A.9.2, A.9.3, A.9.4","3.1, 3.5, 3.3","7, 8, 10, 12",ITGC: Access to Programs & Data,Access control & authentication hardening,Access Control; Identification & Authentication,Aligned to NIST SP 800-53 above,"CIP-004, CIP-007 R5",CSP: Access Control; Logging & Monitoring
AD-009,Active Directory,Identity,1,Domain password policy too weak (length/history/lockout/complexity),"Weak password rules make credentials easy to guess or crack. If exploited, attackers gain initial footholds quickly and pivot using reused or predictable passwords.",High,Medium,High,3,2,IA-5,5,,,,,,,,,,,,,
AD-001,Active Directory,Identity,2,Enabled user accounts stale (no recent lastLogonTimestamp),"Enabled accounts that haven’t logged in recently are often forgotten and unmonitored. If exploited, attackers can take over these dormant accounts to bypass detection and move laterally with valid credentials.",Medium,Medium,High,1,3,AC-2,5,T1078,,,,,,,,,,,,
AD-030,Active Directory,Identity,1,External/forest trusts without SID filtering (SIDHistory allowed),"Trusts that accept SIDHistory can be abused to inject extra privileges across forests. If exploited, attackers forge SIDs to gain admin rights in the trusting domain.",High,Medium,High,3,2,"AC-3, AC-20","6, 15",T1078,,,,,,,,,,,,
AD-040,Active Directory,Identity,2,Foreign Security Principals in admin groups,"External identities in admin groups rely on trust configurations you might not control. If exploited, attackers from partner/child forests can administer your environment.",Low,Medium,High,3,5,"AC-2, AC-3, AC-5, AC-6","4, 5, 6, 8",T1078 (Valid Accounts),Art. 32(1)(b) Security of Processing,16 CFR 314.4 (Safeguards Rule) – Access Controls,"164.308(a)(3), 164.308(a)(4), 164.312(d)","A.9.1, A.9.2, A.9.3, A.9.4","3.1, 3.5, 3.3","7, 8, 10, 12",ITGC: Access to Programs & Data,Access control & authentication hardening,Access Control; Identification & Authentication,Aligned to NIST SP 800-53 above,"CIP-004, CIP-007 R5",CSP: Access Control; Logging & Monitoring
AD-041,Active Directory,Identity,2,Guest account enabled,"The built‑in Guest account bypasses normal onboarding and auditing. If exploited, anonymous or shared access can modify data and mask who did it.",Low,High,High,3,5,"AC-2, AC-3, AC-5, AC-6, IA-2, IA-5, AU-2","4, 5, 6, 8",T1078 (Valid Accounts),Art. 32(1)(b) Security of Processing,16 CFR 314.4 (Safeguards Rule) – Access Controls,"164.308(a)(3), 164.308(a)(4), 164.312(d)","A.9.1, A.9.2, A.9.3, A.9.4","3.1, 3.5, 3.3","7, 8, 10, 12",ITGC: Access to Programs & Data,Access control & authentication hardening,Access Control; Identification & Authentication,Aligned to NIST SP 800-53 above,"CIP-004, CIP-007 R5",CSP: Access Control; Logging & Monitoring
AD-017,Active Directory,Identity,2,Indirect privileged access via nested groups,"Nested groups can hide who truly has admin rights. If exploited, attackers slip into privilege through a lower‑level group and gain powerful access that escapes simple reviews.",High,High,High,3,2,"AC-2, AC-3, AC-6","5, 6","T1078, T1098",,,,,,,,,,,,
AD-042,Active Directory,Identity,2,Kerberos krbtgt account with old password,"Old krbtgt keys allow long‑lived ticket forgery. If exploited, attackers mint ‘Golden Tickets’ to persist with near‑invisibility.",High,Medium,High,3,5,"IA-5, SC-12, SC-13, AC-2","4, 5, 6, 8",T1550.003 (Pass-the-Ticket),Art. 32(1)(b) Security of Processing,16 CFR 314.4 (Safeguards Rule) – Access Controls,"164.308(a)(3), 164.308(a)(4), 164.312(d)","A.9.1, A.9.2, A.9.3, A.9.4","3.1, 3.5, 3.3","7, 8, 10, 12",ITGC: Access to Programs & Data,Access control & authentication hardening,Access Control; Identification & Authentication,Aligned to NIST SP 800-53 above,"CIP-004, CIP-007 R5",CSP: Access Control; Logging & Monitoring
AD-043,Active Directory,Identity,2,Krbtgt account with Resource-Based Constrained Delegation,"Delegation settings touching krbtgt/DCs are extremely risky. If exploited, attackers impersonate users to core services and compromise the domain.",High,High,High,3,5,"AC-3, AC-6, AC-2, IA-2","4, 5, 6, 8",T1134 (Access Token Manipulation); T1550.003 (Pass-the-Ticket),Art. 32(1)(b) Security of Processing,16 CFR 314.4 (Safeguards Rule) – Access Controls,"164.308(a)(3), 164.308(a)(4), 164.312(d)","A.9.1, A.9.2, A.9.3, A.9.4","3.1, 3.5, 3.3","7, 8, 10, 12",ITGC: Access to Programs & Data,Access control & authentication hardening,Access Control; Identification & Authentication,Aligned to NIST SP 800-53 above,"CIP-004, CIP-007 R5",CSP: Access Control; Logging & Monitoring
AD-008,Active Directory,Identity,2,krbtgt password age exceeds threshold,"The krbtgt account keys sign Kerberos tickets across the domain; they must be rotated regularly. If exploited, stolen keys allow ‘Golden Ticket’ creation, granting unlimited, stealthy domain access.",Critical,Medium,High,5,1,IA-5,5,"T1550, T1558",,,,,,,,,,,,
AD-044,Active Directory,Identity,3,LM Hash,"LM hashes are trivial to crack with modern hardware. If exploited, attackers quickly recover passwords and reuse them across systems.",High,High,High,3,5,"IA-5, SC-12, SC-13, AC-2","4, 5, 6",T1550.002 (Pass-the-Hash),Art. 32(1)(b) Security of Processing,16 CFR 314.4 (Safeguards Rule) – Access Controls,"164.308(a)(3), 164.308(a)(4), 164.312(d)","A.10.1, A.9.2, A.9.4","3.5, 3.13","3, 7, 8, 10",ITGC: Access to Programs & Data,Access control & authentication hardening,Access Control; Identification & Authentication,Aligned to NIST SP 800-53 above,"CIP-004, CIP-007 R5",CSP: Access Control; Logging & Monitoring
AD-029,Active Directory,Identity,3,MachineAccountQuota allows non‑admins to join computers (ms-DS-MachineAccountQuota > 0),"Allowing standard users to add machines to the domain can be abused to register rogue computers. If exploited, attackers create controlled hosts to request tickets and move laterally.",High,High,High,3,2,"AC-3, AC-6",6,T1078,,,,,,,,,,,,
AD-045,Active Directory,Identity,3,Non-admins in DNS Admins group,"DNSAdmins can load code into the DNS service on DCs, effectively becoming Domain Admin. If exploited, attackers execute arbitrary code and seize domain control.",High,High,High,3,5,"AC-2, AC-3, AC-5, AC-6","4, 5, 6, 8",T1078 (Valid Accounts),Art. 32(1)(b) Security of Processing,16 CFR 314.4 (Safeguards Rule) – Access Controls,"164.308(a)(3), 164.308(a)(4), 164.312(d)","A.9.1, A.9.2, A.9.3, A.9.4","3.1, 3.5, 3.3","7, 8, 10, 12",ITGC: Access to Programs & Data,Access control & authentication hardening,Access Control; Identification & Authentication,Aligned to NIST SP 800-53 above,"CIP-004, CIP-007 R5",CSP: Access Control; Logging & Monitoring
AD-046,Active Directory,Identity,3,Objects created in past 7 days,"A surge in new objects (users/computers) can signal staging or misconfiguration. If exploited, attackers hide backdoor accounts among legitimate changes and return later.",Low,Medium,Medium,1,5,"AU-2, AU-6, AC-2",8,T1078 (Valid Accounts),Art. 32(1)(b) Security of Processing,16 CFR 314.4 (Safeguards Rule) – Access Controls,"164.308(a)(3), 164.308(a)(4), 164.312(d)","A.12.4, A.9.2",3.3,"10, 12",ITGC: Access to Programs & Data,Access control & authentication hardening,Access Control; Identification & Authentication,Aligned to NIST SP 800-53 above,"CIP-004, CIP-007 R5",CSP: Access Control; Logging & Monitoring
AD-047,Active Directory,Identity,2,Objects with Constrained Delegation,"Delegation permits services to act on users’ behalf to specific targets. If exploited, attackers pivot through those services to impersonate users and reach sensitive systems.",High,Medium,High,3,5,"AC-3, AC-6, AC-2, IA-2","4, 5, 6, 8",T1134 (Access Token Manipulation); T1550.003 (Pass-the-Ticket),Art. 32(1)(b) Security of Processing,16 CFR 314.4 (Safeguards Rule) – Access Controls,"164.308(a)(3), 164.308(a)(4), 164.312(d)","A.9.1, A.9.2, A.9.3, A.9.4","3.1, 3.5, 3.3","7, 8, 10, 12",ITGC: Access to Programs & Data,Access control & authentication hardening,Access Control; Identification & Authentication,Aligned to NIST SP 800-53 above,"CIP-004, CIP-007 R5",CSP: Access Control; Logging & Monitoring
AD-048,Active Directory,Identity,2,Old password (>180 days) in Sensitive Security Groups,"Aged privileged passwords increase exposure and reuse risk. If exploited, attackers leverage unchanged secrets to operate as admins.",High,Medium,High,3,5,"IA-5, SC-12, SC-13, AC-2","4, 5, 6",T1078 (Valid Accounts),Art. 32(1)(b) Security of Processing,16 CFR 314.4 (Safeguards Rule) – Access Controls,"164.308(a)(3), 164.308(a)(4), 164.312(d)","A.9.1, A.9.2, A.9.3, A.9.4","3.1, 3.5, 3.3","7, 8, 10, 12",ITGC: Access to Programs & Data,Access control & authentication hardening,Access Control; Identification & Authentication,Aligned to NIST SP 800-53 above,"CIP-004, CIP-007 R5",CSP: Access Control; Logging & Monitoring
AD-049,Active Directory,Identity,2,Oldest password in sensitive groups,"Tracking the oldest privileged password highlights worst‑case risk. If exploited, that one weak link can enable wide‑reaching compromise.",Medium,Medium,High,1,5,"IA-5, SC-12, SC-13, AC-2","4, 5, 6",T1078 (Valid Accounts),Art. 32(1)(b) Security of Processing,16 CFR 314.4 (Safeguards Rule) – Access Controls,"164.308(a)(3), 164.308(a)(4), 164.312(d)","A.9.1, A.9.2, A.9.3, A.9.4","3.1, 3.5, 3.3","7, 8, 10, 12",ITGC: Access to Programs & Data,Access control & authentication hardening,Access Control; Identification & Authentication,Aligned to NIST SP 800-53 above,"CIP-004, CIP-007 R5",CSP: Access Control; Logging & Monitoring
AD-050,Active Directory,Identity,3,Password expired,"Expired passwords indicate lifecycle issues and potential account neglect. If exploited (e.g., via reset processes), attackers may socially engineer resets to take control.",Low,Low,Low,1,5,"AC-2, IA-5, AU-2","4, 5, 6, 8",T1078 (Valid Accounts),Art. 32(1)(b) Security of Processing,16 CFR 314.4 (Safeguards Rule) – Access Controls,"164.308(a)(3), 164.308(a)(4), 164.312(d)","A.9.1, A.9.2, A.9.3, A.9.4","3.1, 3.5, 3.3","7, 8, 10, 12",ITGC: Access to Programs & Data,Access control & authentication hardening,Access Control; Identification & Authentication,Aligned to NIST SP 800-53 above,"CIP-004, CIP-007 R5",CSP: Access Control; Logging & Monitoring
AD-051,Active Directory,Identity,2,Password never expires,"Perpetual passwords accumulate exposure and reuse. If exploited, attackers keep access for long periods without triggering rotations.",High,High,High,3,5,"IA-5, SC-12, SC-13, AC-2","4, 5, 6",T1078 (Valid Accounts),Art. 32(1)(b) Security of Processing,16 CFR 314.4 (Safeguards Rule) – Access Controls,"164.308(a)(3), 164.308(a)(4), 164.312(d)","A.9.1, A.9.2, A.9.3, A.9.4","3.1, 3.5, 3.3","7, 8, 10, 12",ITGC: Access to Programs & Data,Access control & authentication hardening,Access Control; Identification & Authentication,Aligned to NIST SP 800-53 above,"CIP-004, CIP-007 R5",CSP: Access Control; Logging & Monitoring
AD-052,Active Directory,Identity,2,Password not required,"Accounts allowed without passwords remove core authentication. If exploited, unauthorized users authenticate instantly as the account.",High,High,High,3,5,"IA-5, SC-12, SC-13, AC-2","4, 5, 6",T1078 (Valid Accounts),Art. 32(1)(b) Security of Processing,16 CFR 314.4 (Safeguards Rule) – Access Controls,"164.308(a)(3), 164.308(a)(4), 164.312(d)","A.9.1, A.9.2, A.9.3, A.9.4","3.1, 3.5, 3.3","7, 8, 10, 12",ITGC: Access to Programs & Data,Access control & authentication hardening,Access Control; Identification & Authentication,Aligned to NIST SP 800-53 above,"CIP-004, CIP-007 R5",CSP: Access Control; Logging & Monitoring
AD-053,Active Directory,Identity,2,Password not required in sensitive groups,"Admin accounts without required passwords are catastrophic. If exploited, attackers gain domain‑level access with no barrier.",High,High,High,3,5,"IA-5, SC-12, SC-13, AC-2","4, 5, 6",T1078 (Valid Accounts),Art. 32(1)(b) Security of Processing,16 CFR 314.4 (Safeguards Rule) – Access Controls,"164.308(a)(3), 164.308(a)(4), 164.312(d)","A.9.1, A.9.2, A.9.3, A.9.4","3.1, 3.5, 3.3","7, 8, 10, 12",ITGC: Access to Programs & Data,Access control & authentication hardening,Access Control; Identification & Authentication,Aligned to NIST SP 800-53 above,"CIP-004, CIP-007 R5",CSP: Access Control; Logging & Monitoring
AD-054,Active Directory,Identity,3,Passwords older than a year,"Very old passwords are likely known or reused. If exploited, attackers authenticate freely and blend in using valid credentials.",Medium,Medium,Medium,1,5,"IA-5, SC-12, SC-13, AC-2","4, 5, 6",T1078 (Valid Accounts),Art. 32(1)(b) Security of Processing,16 CFR 314.4 (Safeguards Rule) – Access Controls,"164.308(a)(3), 164.308(a)(4), 164.312(d)","A.9.1, A.9.2, A.9.3, A.9.4","3.1, 3.5, 3.3","7, 8, 10, 12",ITGC: Access to Programs & Data,Access control & authentication hardening,Access Control; Identification & Authentication,Aligned to NIST SP 800-53 above,"CIP-004, CIP-007 R5",CSP: Access Control; Logging & Monitoring
AD-055,Active Directory,Identity,3,Passwords stored with reversible encryption,"Reversible storage means passwords can be recovered from directory data. If exploited, attackers steal cleartext credentials and reuse them widely.",High,High,High,3,5,"IA-5, SC-12, SC-13, AC-2","4, 5, 6",T1003 (OS Credential Dumping),Art. 32(1)(b) Security of Processing,16 CFR 314.4 (Safeguards Rule) – Access Controls,"164.308(a)(3), 164.308(a)(4), 164.312(d)","A.10.1, A.9.2, A.9.4","3.5, 3.13","3, 7, 8, 10",ITGC: Access to Programs & Data,Access control & authentication hardening,Access Control; Identification & Authentication,Aligned to NIST SP 800-53 above,"CIP-004, CIP-007 R5",CSP: Access Control; Logging & Monitoring
AD-056,Active Directory,Identity,3,Pre-Windows 2000 Compatible Access group members,"This legacy group broadens read access for backward compatibility. If exploited, attackers enumerate sensitive objects and plan targeted attacks.",Medium,Medium,High,1,5,"AC-2, AC-3, AC-5, AC-6","4, 5, 6, 8",T1078 (Valid Accounts),Art. 32(1)(b) Security of Processing,16 CFR 314.4 (Safeguards Rule) – Access Controls,"164.308(a)(3), 164.308(a)(4), 164.312(d)","A.9.1, A.9.2, A.9.3, A.9.4","3.1, 3.5, 3.3","7, 8, 10, 12",ITGC: Access to Programs & Data,Access control & authentication hardening,Access Control; Identification & Authentication,Aligned to NIST SP 800-53 above,"CIP-004, CIP-007 R5",CSP: Access Control; Logging & Monitoring
AD-021,Active Directory,Identity,3,Privileged accounts with 'Password never expires' set,"Non‑expiring admin passwords are high‑value, long‑lived targets. If exploited, attackers retain persistent, privileged access that evades normal password‑rotation defenses.",High,Medium,High,3,2,"IA-5, AC-6","5, 6",T1078,,,,,,,,,,,,
AD-023,Active Directory,Identity,3,Privileged accounts with SIDHistory present,"SIDHistory preserves legacy privileges that may exceed current roles. If exploited, attackers replay historical SIDs to regain high-level access and evade least‑privilege controls.",High,Medium,High,3,2,"AC-2, AC-3","5, 6",T1078,,,,,,,,,,,,
AD-022,Active Directory,Identity,3,Privileged accounts without 'Smartcard required',"Admins without strong MFA are vulnerable to phishing and credential replay. If exploited, attackers use stolen passwords or hashes to operate with admin rights, deploy malware, or exfiltrate data.",High,Medium,High,3,2,"IA-2, AC-6",6,T1078,,,,,,,,,,,,
AD-016,Active Directory,Identity,3,"Privileged group membership too broad (e.g., Domain Admins, Enterprise Admins)","Too many admins creates unnecessary blast radius and review burden. If exploited, compromise of any one admin yields full control, increasing the chance and impact of domain breach.",Critical,High,High,1,1,"AC-2, AC-3, AC-6","5, 6","T1078, T1098",,,,,,,,,,,,
AD-020,Active Directory,Identity,3,Privileged groups missing 'managedBy' owner,"Without an accountable owner, privileged groups drift and accumulate excess members. If exploited, over‑permissioned groups enable quick escalation and make cleanup slow and error‑prone.",Medium,Medium,Medium,1,3,AC-2,"5, 6",,,,,,,,,,,,,
AD-019,Active Directory,Identity,2,Privileged groups with foreign members (ForeignSecurityPrincipals),"Foreign members grant external identities admin access via trusts. If exploited, attackers from another forest/domain can administer your environment or bypass local controls.",High,Medium,High,3,2,"AC-2, AC-3, AC-20","5, 6, 15",T1078,,,,,,,,,,,,
AD-024,Active Directory,Identity,2,Privileged user accounts with Service Principal Names (SPNs) set,"Admin users with SPNs are prime Kerberoast targets. If exploited, cracked tickets yield admin passwords, enabling rapid domain‑wide compromise.",High,High,High,3,2,AC-6,6,T1558.003,,,,,,,,,,,,
AD-057,Active Directory,Identity,3,Recent logon by BUILTIN\Administrator,"Use of the built‑in Administrator signals backdoor or unsafe practices. If exploited, attackers operate under a well‑known, powerful identity that’s hard to trace to a person.",High,Medium,High,3,5,"AU-2, AU-6, AC-2",8,T1078 (Valid Accounts),Art. 32(1)(b) Security of Processing,16 CFR 314.4 (Safeguards Rule) – Access Controls,"164.308(a)(3), 164.308(a)(4), 164.312(d)","A.12.4, A.9.2",3.3,"10, 12",ITGC: Access to Programs & Data,Access control & authentication hardening,Access Control; Identification & Authentication,Aligned to NIST SP 800-53 above,"CIP-004, CIP-007 R5",CSP: Access Control; Logging & Monitoring
AD-058,Active Directory,Identity,4,Recently created admins,"New admin accounts require heightened scrutiny and approvals. If exploited, attackers create stealthy admins and retain access even after cleanup.",High,Medium,High,3,5,"AU-2, AU-6, AC-2",8,T1078 (Valid Accounts),Art. 32(1)(b) Security of Processing,16 CFR 314.4 (Safeguards Rule) – Access Controls,"164.308(a)(3), 164.308(a)(4), 164.312(d)","A.9.1, A.9.2, A.9.3, A.9.4","3.1, 3.5, 3.3","7, 8, 10, 12",ITGC: Access to Programs & Data,Access control & authentication hardening,Access Control; Identification & Authentication,Aligned to NIST SP 800-53 above,"CIP-004, CIP-007 R5",CSP: Access Control; Logging & Monitoring
AD-059,Active Directory,Identity,4,Resource-Based Constrained Delegation on a computer,"RBCD lets a computer designate who can act for it. If exploited, attackers impersonate users to that host’s services and escalate.",High,High,High,3,5,"AC-3, AC-6, AC-2, IA-2","4, 5, 6, 8",T1134 (Access Token Manipulation); T1550.003 (Pass-the-Ticket),Art. 32(1)(b) Security of Processing,16 CFR 314.4 (Safeguards Rule) – Access Controls,"164.308(a)(3), 164.308(a)(4), 164.312(d)","A.9.1, A.9.2, A.9.3, A.9.4","3.1, 3.5, 3.3","7, 8, 10, 12",ITGC: Access to Programs & Data,Access control & authentication hardening,Access Control; Identification & Authentication,Aligned to NIST SP 800-53 above,"CIP-004, CIP-007 R5",CSP: Access Control; Logging & Monitoring
AD-014,Active Directory,Identity,4,Resource‑based constrained delegation (RBCD) grants to low‑priv principals,"RBCD allows a resource to specify who can act on its behalf; granting this to low-priv objects is dangerous. If exploited, attackers abuse RBCD to impersonate users to that resource and escalate.",High,High,High,3,2,AC-6,6,T1550,,,,,,,,,,,,
AD-013,Active Directory,Identity,5,Risky constrained delegation targets (msDS-AllowedToDelegateTo includes DC services),"Delegation to domain controller services (like CIFS/LDAP) is overly powerful. If exploited, attackers can impersonate admins directly to DCs, leading to domain takeover.",High,Medium,High,3,2,AC-6,6,T1550,,,,,,,,,,,,
AD-025,Active Directory,Identity,5,Service accounts (SPN set) with 'Password never expires',"Non‑expiring service secrets accumulate exposure over time. If exploited, attackers keep reusing the same credential to access critical applications and data.",High,Medium,High,3,2,IA-5,"5, 6",T1558.003,,,,,,,,,,,,
AD-027,Active Directory,Identity,5,Service accounts not marked 'Account is sensitive and cannot be delegated' (NOT_DELEGATED),"Sensitive service accounts should not be used for delegation. If exploited, attackers abuse delegation paths to impersonate users and expand access.",High,Medium,High,3,2,AC-6,6,T1550,,,,,,,,,,,,
AD-060,Active Directory,Identity,4,Service Accounts trusted for delegation,"Delegation‑trusted accounts can impersonate users to certain services. If exploited, attackers expand access paths and harvest sensitive data via impersonation.",High,Medium,High,3,5,"AC-3, AC-6, AC-2, IA-2","4, 5, 6, 8",T1134 (Access Token Manipulation); T1550.003 (Pass-the-Ticket),Art. 32(1)(b) Security of Processing,16 CFR 314.4 (Safeguards Rule) – Access Controls,"164.308(a)(3), 164.308(a)(4), 164.312(d)","A.9.1, A.9.2, A.9.3, A.9.4","3.1, 3.5, 3.3","7, 8, 10, 12",ITGC: Access to Programs & Data,Access control & authentication hardening,Access Control; Identification & Authentication,Aligned to NIST SP 800-53 above,"CIP-004, CIP-007 R5",CSP: Access Control; Logging & Monitoring
AD-026,Active Directory,Identity,4,Service accounts with old 'pwdLastSet' (key age),"Aged service keys increase the chance they’ve leaked or been cracked. If exploited, attackers authenticate to services and pivot to databases, file shares, or code deployment systems.",High,Medium,High,3,2,IA-5,5,T1558.003,,,,,,,,,,,,
AD-015,Active Directory,Identity,5,Service accounts with SPN but no AES keys configured,"Service accounts lacking modern AES keys fall back to weaker crypto (e.g., RC4), easing Kerberoasting. If exploited, attackers crack service tickets offline and reuse the recovered password across systems.",High,Medium,High,3,2,"SC-13, IA-5","3, 5",T1558.003,,,,,,,,,,,,
AD-011,Active Directory,Identity,3,Unconstrained delegation enabled (TRUSTED_FOR_DELEGATION),"Unconstrained delegation lets a service impersonate users broadly. If exploited, attackers controlling that service can capture TGTs and act as high‑privilege users anywhere in the domain.",Critical,High,High,5,1,"AC-6, IA-2",6,"T1558, T1550",,,,,,,,,,,,
AD-031,Active Directory,Identity,2,UPN suffix outside approved domains,"Unapproved UPN suffixes confuse identity checks and SSO routing. If exploited, attackers spoof identities or trick users into authenticating to look‑alike domains.",Medium,Medium,High,1,3,"AC-2, AC-3","5, 6",T1078,,,,,,,,,,,,
AD-061,Active Directory,Identity,1,User accounts with SPN configured,"User SPNs expose tickets to Kerberoasting. If exploited, cracked hashes reveal the user’s password and any shared credentials.",High,High,High,3,5,"AC-3, AC-6, AC-2, IA-2","4, 5, 6, 8",T1558.003 (Kerberoasting),Art. 32(1)(b) Security of Processing,16 CFR 314.4 (Safeguards Rule) – Access Controls,"164.308(a)(3), 164.308(a)(4), 164.312(d)","A.9.1, A.9.2, A.9.3, A.9.4","3.1, 3.5, 3.3","7, 8, 10, 12",ITGC: Access to Programs & Data,Access control & authentication hardening,Access Control; Identification & Authentication,Aligned to NIST SP 800-53 above,"CIP-004, CIP-007 R5",CSP: Access Control; Logging & Monitoring
AD-028,Active Directory,Identity,2,User SPNs on non‑service users (misuse of user accounts for services),"Running services as ordinary users creates risky SPNs tied to human credentials. If exploited, Kerberoasting or password reuse exposes both the service and the person’s other access.",Medium,Medium,High,1,3,AC-6,6,T1558.003,,,,,,,,,,,,
AD-007,Active Directory,Identity,5,Users with 'Do not require Kerberos preauthentication' (DONT_REQUIRE_PREAUTH),"Skipping Kerberos preauthentication lets attackers request encrypted blobs that can be cracked offline. If exploited, it enables identity impersonation and further lateral movement using forged tickets.",High,High,High,3,2,"IA-2, IA-5",6,T1558.004,,,,,,,,,,,,
AD-010,Active Directory,Identity,2,Users with 'Password never expires' (DONT_EXPIRE_PASSWORD),"Never-expiring passwords turn into long-lived secrets that inevitably leak. If exploited, an old credential remains valid for months or years, enabling recurring unauthorized access.",High,Medium,High,3,2,IA-5,5,,,,,,,,,,,,,
AD-005,Active Directory,Identity,2,Users with 'Password not required' (PASSWD_NOTREQD),"Accounts allowed to exist without a password eliminate a critical security barrier. If exploited, anyone can authenticate as that user, leading to immediate data exposure or privilege abuse.",High,High,High,3,2,IA-5,5,T1078,,,,,,,,,,,,
AD-006,Active Directory,Identity,3,Users with reversible encryption allowed (ENCRYPTED_TEXT_PWD_ALLOWED),"Reversible passwords are effectively stored in a recoverable form. If exploited, attackers can reconstruct cleartext passwords and reuse them across systems, accelerating compromise.",High,Medium,High,3,2,IA-5,5,,,,,,,,,,,,,
AD-062,Active Directory,Identity,4,Users with Unconstrained Delegation,"Unconstrained delegation on users lets them capture TGTs presented to their services. If exploited, attackers impersonate high‑value users broadly.",High,High,High,3,5,"AC-3, AC-6, AC-2, IA-2","4, 5, 6, 8",T1134 (Access Token Manipulation); T1550.003 (Pass-the-Ticket),Art. 32(1)(b) Security of Processing,16 CFR 314.4 (Safeguards Rule) – Access Controls,"164.308(a)(3), 164.308(a)(4), 164.312(d)","A.9.1, A.9.2, A.9.3, A.9.4","3.1, 3.5, 3.3","7, 8, 10, 12",ITGC: Access to Programs & Data,Access control & authentication hardening,Access Control; Identification & Authentication,Aligned to NIST SP 800-53 above,"CIP-004, CIP-007 R5",CSP: Access Control; Logging & Monitoring
AD-004,Active Directory,Identity,4,Users without manager/ownership metadata (no 'manager' attribute) in privileged groups,"Privileged users lacking a recorded manager/owner have weak accountability and unclear review responsibility. If exploited, risky access persists unnoticed, aiding insider threats and hampering incident response.",Medium,Medium,Medium,1,3,AC-2,"5, 6",,,,,,,,,,,,,
ES-004-EX,Exchange Online,Identity,5,Inactive external recipient/guest still has access to sensitive mailbox data.,"A guest who no longer engages still retains mailbox access. Dormant accounts are easy targets; if breached, attackers quietly read sensitive mail, pivoting to fraud (e.g., invoice/CEO fraud) and brand damage.",Medium,Medium,Medium,6,5,"AC-3, AC-6, AC-2, SC-7, AU-2","3, 4, 5, 6, 8","T1530 (Data from Cloud Storage), T1567 (Exfiltration Over Web Services)",Art. 32(1)(b) Security of Processing,16 CFR 314.4 (Safeguards Rule) – Access Controls,"164.308(a)(3), 164.308(a)(4), 164.312(d)","A.9.1, A.9.2, A.9.4, A.13.1","3.1, 3.5, 3.3","7, 8, 10, 12",ITGC: Access to Programs & Data,Access control & authentication hardening,Access Control; Identification & Authentication,Aligned to NIST SP 800-53 above,"CIP-004, CIP-007 R5",CSP: Access Control; Logging & Monitoring
AC-001-EX,Exchange Online,Identity,5,Inactive user (>90 days) still retains permissions to Exchange resources.,"Former or dormant internal accounts still have email access. If those credentials are leaked or guessed, attackers can read mail, reset passwords, or impersonate staff, driving BEC (business email compromise) and data theft.",Medium,Medium,Medium,6,5,"AC-2, AC-3, AC-5, AC-6, IA-2, IA-5, AU-2","3, 4, 5, 6, 8",T1078 (Valid Accounts),Art. 32(1)(b) Security of Processing,16 CFR 314.4 (Safeguards Rule) – Access Controls,"164.308(a)(3), 164.308(a)(4), 164.312(d)","A.9.1, A.9.2, A.9.3, A.9.4","3.1, 3.5, 3.3","7, 8, 10, 12",ITGC: Access to Programs & Data,Access control & authentication hardening,Access Control; Identification & Authentication,Aligned to NIST SP 800-53 above,"CIP-004, CIP-007 R5",CSP: Access Control; Logging & Monitoring
AC-001-OD,OneDrive,Identity,5,Inactive user (>90 days) still retains permissions to OneDrive resources.,"Personal OneDrive data for an inactive user remains accessible. If taken over, attackers can harvest documents or use the account as a hidden exfiltration path.",Medium,Medium,Medium,6,5,"AC-2, AC-3, AC-5, AC-6, IA-2, IA-5, AU-2","3, 4, 5, 6, 8",T1078 (Valid Accounts),Art. 32(1)(b) Security of Processing,16 CFR 314.4 (Safeguards Rule) – Access Controls,"164.308(a)(3), 164.308(a)(4), 164.312(d)","A.9.1, A.9.2, A.9.3, A.9.4","3.1, 3.5, 3.3","7, 8, 10, 12",ITGC: Access to Programs & Data,Access control & authentication hardening,Access Control; Identification & Authentication,Aligned to NIST SP 800-53 above,"CIP-004, CIP-007 R5",CSP: Access Control; Logging & Monitoring
